drug,Mutation,ic50,,,ddg,gene
Cabozantinib,L730I,2.96,12.33333333,2.512305624,1.496993433,RET
Cabozantinib,L730V,2.37,9.875,2.290006311,1.364533191,RET
Cabozantinib,L730V/V804M,7.37,30.70833333,3.424534062,2.040557866,RET
Cabozantinib,E732K,1.15,4.791666667,1.566878298,0.933646966,RET
Cabozantinib,V738A,1.2,5,1.609437912,0.959006724,RET
Cabozantinib,V804L,3.22,13.41666667,2.596497715,1.547160501,RET
Cabozantinib,V804M,4.26,17.75,2.876385516,1.713935672,RET
Cabozantinib,Y806N,4.76,19.83333333,2.987364024,1.780063812,RET
Cabozantinib,A807V,0.57,2.375,0.864997437,0.515421162,RET
Cabozantinib,G810A,0.22,0.916666667,-0.087011377,-0.05184698,RET
Cabozantinib,G810S,1.05,4.375,1.47590652,0.879440123,RET
Cabozantinib,V871I,1.07,4.458333333,1.494775004,0.890683181,RET
Cabozantinib,F998V,0.74,3.083333333,1.126011263,0.670950003,RET
Cabozantinib,M918T,1.57,6.541666667,1.878191975,1.119147697,RET
Lenvatinib,L730I,1.07,5.631578947,1.728389855,1.02988595,RET
Lenvatinib,L730V,0.23,1.210526316,0.191055237,0.11384301,RET
Lenvatinib,L730V/V804M,9.41,49.52631579,3.90250416,2.325363222,RET
Lenvatinib,E732K,0.16,0.842105263,-0.171850257,-0.102399447,RET
Lenvatinib,V738A,2.35,12.36842105,2.515146535,1.498686231,RET
Lenvatinib,V804L,10.6,55.78947368,4.021585208,2.396319377,RET
Lenvatinib,V804M,5.42,28.52631579,3.350827022,1.996638466,RET
Lenvatinib,Y806N,1.93,10.15789474,2.31825121,1.38136332,RET
Lenvatinib,A807V,0.54,2.842105263,1.044545067,0.622407199,RET
Lenvatinib,G810A,0.11,0.578947368,-0.546543706,-0.325665927,RET
Lenvatinib,G810S,0.67,3.526315789,1.26025364,0.750940254,RET
Lenvatinib,V871I,0.52,2.736842105,1.006804739,0.599919082,RET
Lenvatinib,F998V,0.87,4.578947368,1.521469139,0.906589265,RET
Lenvatinib,M918T,1.42,7.473684211,2.011388078,1.19851451,RET
Vandetanib,L730I,1.92,4.571428571,1.519825754,0.90561003,RET
Vandetanib,L730V,1.09,2.595238095,0.953678264,0.568262907,RET
Vandetanib,L730V/V804M,5.13,12.21428571,2.502606227,1.491213908,RET
Vandetanib,E732K,0.49,1.166666667,0.15415068,0.091852899,RET
Vandetanib,V738A,1.05,2.5,0.916290732,0.545985009,RET
Vandetanib,V804L,6.1,14.52380952,2.675789339,1.594407555,RET
Vandetanib,V804M,5.83,13.88095238,2.630517568,1.56743172,RET
Vandetanib,Y806N,5.86,13.95238095,2.635650171,1.570490055,RET
Vandetanib,A807V,1.05,2.5,0.916290732,0.545985009,RET
Vandetanib,G810A,2.76,6.571428571,1.882731247,1.121852487,RET
Vandetanib,G810S,5.47,13.02380952,2.566779184,1.529452287,RET
Vandetanib,V871I,1,2.380952381,0.867500568,0.516912688,RET
Vandetanib,F998V,0.77,1.833333333,0.606135804,0.361174735,RET
Vandetanib,M918T,1.83,4.357142857,1.471816535,0.877003047,RET
Nintedanib,L730I,0.84,6,1.791759469,1.067645645,RET
Nintedanib,L730V,0.8,5.714285714,1.742969305,1.038573324,RET
Nintedanib,L730V/V804M,1.58,11.28571429,2.423537703,1.444099791,RET
Nintedanib,E732K,0.17,1.214285714,0.194156014,0.115690653,RET
Nintedanib,V738A,0.92,6.571428571,1.882731247,1.121852487,RET
Nintedanib,V804L,0.58,4.142857143,1.421385681,0.846953098,RET
Nintedanib,V804M,0.86,6.142857143,1.815289967,1.08166663,RET
Nintedanib,Y806N,0.91,6.5,1.871802177,1.115340244,RET
Nintedanib,A807V,0.12,0.857142857,-0.15415068,-0.091852899,RET
Nintedanib,G810A,0.13,0.928571429,-0.074107972,-0.044158301,RET
Nintedanib,G810S,0.56,4,1.386294361,0.82604343,RET
Nintedanib,V871I,0.18,1.285714286,0.251314428,0.149749316,RET
Nintedanib,F998V,0.14,1,0,0,RET
Nintedanib,M918T,0.24,1.714285714,0.538996501,0.321168816,RET
